Unnamed: 0,Lacteos HBE,Precio Lacteos HBE,Lacteos Chedraui,Precio Lacteos Chedraui,Lacteos Soriana,Precio Lacteos Soriana,Lacteos LaComer,Precio Lacteos LaComer
,Caperucita Queso Manchego En Cubos 250 G 250 Gr,69.9,Leche Alpura Clásica Pasteurizada 1L,19.1,Leche Alpura Deslactosada 1 L,23.0,Leche Uht Semidescremada,7.2
,Caperucita Queso Manchego Reducido Grasa 400 G 400 Gr,117.0,Frutal Fresa Alpura 250ml,7.45,Leche Fresca 100 Red Grasa Lala 1 Litro Bote,27.5,Leche Uht Deslactosada,29.9
,Zwan Queso Manchego Rallado 250 G 250 Gr,59.9,Frutal Durazno Alpura 250ml,7.45,Leche Alpura Clásica Entera 1 L,22.9,Leche Uht Entera,21.45
,Zwan Queso Manchego Rebanado 400 G 400 Gr,93.0,Frutal Piña-Coco Alpura 250ml,7.45,Leche Fresca 100 Semidesc Lala 1 Litro Bote,27.5,Leche Uht Deslactosada,31.7
,Queso Crema 200 Gr,33.9,Yoghurt Alpura Batido Fresa 125g,4.45,Leche Lala 100 Sin Lactosa Light+Proteína 1 L,26.3,Leche Uht Semidescremada,9.0
,Leche Almendras Original 1.89 Lt,61.9,Yoghurt Alpura Batido Durazno 125g,4.45,Alimento Líquido De Almendras Lala Vita 960 Ml,39.5,Leche Uht Deslactosada Light,31.0
,Leche Uht Entera 1 Lt,22.5,Yoghurt Alpura Batido Mango 125g,4.45,Leche Alpura Light 1 L,22.9,Leche Uht Entera,17.08
,Queso Panela 400 Gr,72.0,Yoghurt Alpura Batido Manzana 125g,4.45,Leche Lala Sin Lactosa +Proteína 1 L,26.3,Leche Uht Entera,102.5
,Leche Evaporada Regular 360 Gr,17.0,Yoghurt Alpura Batido Zarzamora 125g,5.1,Leche Ultra Santa Clara Entera 1Lt,23.2,Leche Uht Semidescremada,7.2
,Leche Condensada 387 Gr 397 Gr,23.0,Yoghurt Alpura Batido Frutos del Bosque 125g,5.1,Producto Lácteo Precissimo 1 L,12.3,Leche Fresca Entera,34.0
,Fermentados Natural 400 Gr,30.9,Yoghurt Alpura Batido Piña-Coco 125g,4.45,Alimento Líquido De Almendra Silk Vainilla Sin Azúcar 946 Ml,40.0,Leche Uht Deslactosada,22.1
,Huevo Blanco 30 Pz,54.0,Yoghurt Alpura Batido Natural 125g,5.1,Leche Alpura Semidescremada 1 L,22.9,Leche Uht Entera,30.7
,Leche Uht Deslactosada Light 1Lt 1 Lt,23.5,Yoghurt Alpura Batido Guayaba 125g,5.1,Leche Alpura Deslactosada Light 1 L,23.0,Producto Lacteo Uht Entero,17.5
,Leche Uht Deslactosada Light 1 Lt,23.5,Leche Lala Deslactosada UHT 1Lt Six Pac,105.0,Leche Santa Clara Deslactosada 1 L,25.0,Leche Uht Semidescremada,29.9
,Leche Uht Deslactosada Light 1 Lt,24.0,Leche Lala Fresca Entera 1 Lt,19.45,Leche Deslactosada,18.9,Leche Uht Semidescremada,9.0
,Mantequilla Barra Con Sal 90 Gr,20.0,Leche Lala Deslactosada 1 Lt,22.2,Leche Ultr Santa Clar 1 Lt Deslac Lig Pz,25.0,Leche Fresca Light,33.55
,Mantequilla Barra Sin Sal 90 Gr,20.0,Leche Lala Mango Saborizada 1 Lt,19.5,Leche Fresca 100 Sinlac Red Grasa Lala 1 Litro Bote,26.5,Leche Fresca Entera,32.65
,Huevo Blanco Mediano 30 Pz,52.5,Leche Lala Fresa Saborizada 1 Lt,19.5,Leche Lala 100 Sin Lactosa Entera 1 L,27.0,Leche Fresca Light 0 Lactosa,26.5
,Yogurt Griego Natural 150 Gr,19.5,Leche Lala Pasteurizada Entera 1.80 Lt,30.2,Leche Polvo Nestle 460 Gramo Econopack,54.5,Leche Uht Deslactosada,17.98
,Crema Liquida Regular 450 Ml,31.9,Leche Lala Past Light 1.80 Lt,34.0,Leche Ultra Santa Clara Light 1Lt,23.2,Leche Uht Deslactosada Selecta,21.0
,Leche Uht 100 Proteina Reducida Grasa 1 Lt,28.0,Leche Lala Past Deslac 2% 1.80 Lt,34.5,Alimento Líquido De Coco Calahua Natural 1 L,37.5,Crema Acida,25.9
,Leche Almendras Sin Endulzar 1.89 Lt,64.0,Leche Lala Pas Desla Sem 1.80 Lt,36.9,Leche Alpura Deslactosada 1.5 L,32.9,Crema Acida Deslactosada,29.5
,Leche Deslactosada Light 1 Six 6 Lt,130.5,Leche Lala Orgánica Pasteurizada 1 lt,25.5,Leche Valley Foods Deslactosada Light 1 L,19.75,Crema Acida Light,31.8
,Leche Uht Deslactosada 1.5Lt 1.5 Lt,35.0,Leche Lala Fresca Premium 3.8 Lt,65.5,Leche Valley Foods Light 1 L,18.7,Crema Acida,46.75
,Leche Almendras Vainilla Sin Azucar 1.89 Lt,61.9,Leche Lala Pasteurizada Light 1 Gal,70.5,Huevo Blanco Precissimo 30 Piezas,59.9,Crema Acida,12.7
,Fermentados Sin Azucar Pack 400 Gr,34.9,Leche Lala 100 Fresca sin Lac Sem 1 lt,25.7,Huevo Organico Paq 12 Pz E Él,68.0,Crema Acida,32.0
,Uht Producto Lacteo 1Lt 1 Lt,17.9,Leche Lala 100 Past Red Gra 330 ml,11.9,Huevo Blanco Paq 30Pz San Juan,58.25,Crema Acida,31.8
,Queso Chihuahua Menonita 550 Gr,93.0,Leche Lala 100 Fresca Semidescremada 1 l,25.7,Huevo Blanco Orespi Jumbo 20 Piezas,54.9,Crema Acida Reducida En Grasa,12.7
,Leche Uht Deslactosada 1 Lt,23.9,Leche Lala 100 Fresca sin Lac Red Gra 1,25.7,Huevo Blanco Orespi Libre Pastoreo 12 Piezas,45.9,Crema Dulce,44.6
,Leche Uht Light 1Lt 1 Lt,22.9,Leche Lala 100 Fresca Red Gra 1 lt,25.7,Huevo Blanco Paq 12Pz San Juan,26.0,Crema Acida,62.9
,Huevo Blanco Mediano 18 Pz,46.0,Leche Lala 100 Past Semidescrem 330 ml,11.9,Orespi Huevo Blanco Neto 1080 Gr 18 Pz Paq,45.9,Crema Acida Deslactosada,13.3
,Leche Uht Deslactosada Entera 1 Lt,24.0,Leche Lala Fresca Light 1 Lt,19.45,Huevo Blanco Paq 18Pz San Juan,38.25,Crema Acida Light,15.6
,Leche Uht Deslactosada Semidecremada 1Lt 1 Lt,23.5,Leche Pasteurizada Monarca 1Lt,17.0,Orespi Huevo Blanco Neto 1650 Gr 30 Pz Paq,58.9,Crema Acida Reducida En Grasa,53.5
,Leche Uht Entera 1Lt 1 Lt,22.9,Alimento Líquido Soy Vita Almendra 960 m,36.5,Orespi Huevo Blanco Neto 720 Gr 12 Pz Paq,28.9,Crema Acida Deslactosada,55.5
,Leche Uht Light 1 Lt,22.5,Leche Lala Café Deslactosada 1 lt 1Pz,23.5,Huevo Blanco Soriana 12 Piezas,26.9,Crema Acida Light,62.9
,Yogurt Griego Natural 907 Gr,78.0,Alimento Líquido Soy Vita 3 nueces 960 m,36.5,Claras De Huevo San Juan 1 Kg,42.75,Crema Acida Premium Selecta,28.9
,Huevo Blanco Mediano 12 Pz,25.0,Leche Lala Siluette Plus Deslact 960 ml,21.5,Huevo Blanco Soriana 18 Piezas,39.9,Crema Natural,31.5
,Leche Uht Entera 1.5 Lt,32.5,Leche Lala UTH Deslactosada Semi 1.5 lt,31.05,Huevo Codorniz Paq 24Pz San Andres,70.25,Crema Dulce,82.5
,Yogurt Griego Natural 145 Gr,10.0,Alimento Líquido Soy Vita Coco 960 Milil,35.9,Claras De Huevo San Juan 500 G,25.5,Crema Natural,15.9
,Queso Manchego 550 Gr,93.0,Leche Lala Entera UHT 1.5 Lt Slim c/Tap,29.45,Leche Evaporada Carnation 360 Gr,17.2,Crema Acida,53.0
,Huevo Blanco 18 Pz,55.0,Leche Lala Deslac Baja en Grasa UHT 1.5,30.85,Crema Ácida Alpura 450 Ml,28.0,Huevo Blanco,33.5
,Leche Uht Desl Baja En Grasa 1.5Lt 1.5 Lt,35.0,Leche Lala Baja en Grasa UHT 1Lt Six Pac,111.5,Crema Ácida Alpura Deslactosada 450 Ml,32.5,Huevo Blanco,23.5
,Queso Rallado Mezcla Mexicana 300 Gr,73.0,Leche Lala Desl Baja Grasa UHT 1Lt Six,113.0,Crema Ácida Alpura 200 Gr,14.65,Huevo Blanco,37.5
,Crema Liquida Regular 250 Ml,19.5,Leche Lala Entera UHT 1Lt Six Pack C/T,112.0,Leche Evaporada Carnation Deslactosada 360 Gr,19.6,Huevo Blanco,25.5
,Huevo Blanco 18 Pz,35.0,Leche Lala Semidescremada UHT 1Lt Six P,113.0,Crema Ácida Alpura Deslactosada 200 Ml,15.1,Huevo Blanco,46.5
,Clara De Huevo 1 Kg,44.0,Leche UHT Lala Orgánica Entera 1 Litros,24.0,Leche La Lechera 397 Gramo Lata,25.5,Huevo Blanco,52.04
,Mantequilla Sin Sal 90 Gr,16.0,Alim Liq Lala Vita UHT Choc 330 Mililitr,16.0,Crema Aguascalientes Acida 480Gr,32.5,Huevo Blanco,35.71
,Media Crema 225 Gr,15.0,Alim Líquido Lala Vita UHT Proteina 330,19.9,Crema Batida Vegetal Chantilly 500 Ml,19.7,Huevo Blanco,54.08
,Huevo Blanco 30 Pz,82.0,Alim Liq Lala Vita Arroz 960 Mililitros,41.9,Leche Evaporada Deslactosada Alpura 376 Gr,15.6,Huevo Blanco,33.16
,Huevo Mediano Mt 30 Pz,52.0,Alim Liq Lala Vita Amaranto 960 Mililitr,37.5,Crema Ácida Light Lala 450 Ml,28.9,Huevo Blanco,58.16
,Yogurt Griego Batido Natural Sin Azucar 145 Gr,11.0,Leche Lala Yomi Choco 190 Ml 3 Piezas,17.5,Media Crema Altea 250 Ml,11.2,Huevo Blanco,23.46
,Leche Uht Light 1 Lt,17.0,Leche Lala Yomi Chocolate Red Azuc 190 M,6.0,Crema Aguascalientes Acida 240Ml,16.7,Huevo Blanco,57.14
,Huevo Blanco Mediano 12 Pz,35.9,Leche Lala Yomi Fresa Red Azuc 190 Mili,6.0,Crema Tipo Chantilly Chanty Wip 200 Gr,51.5,Huevo Blanco,22.96
,Huevo Blanco Jumbo Con Vitamina E 30 Pz,60.0,Leche Lala Yomi Vainilla Red Azuc 190 M,6.0,Jocoque Libanius Natural 250 Gr,70.0,Alimento Liquido Uht Almendra 0 Azucar,41.5
,Leche Entera 1 Six 6 Lt,125.9,Leche UHT Lala 100 Deslac Fresa 330 Mil,14.9,Crema Batida Vegetal Chantilly 1 Lt,36.5,Alimento Liquido Uht Almendra,41.5
,Leche Almendras Vainilla 1.89 Lt,61.9,Leche Yomi Lala Chocolate UHT 1 lt 1Pz,22.9,Crema Líquida Norteñita 450 Ml,33.5,Alimento Liquido Uht Almendra 0 Azucar,41.5
,Leche Uht Entera 1Lt 1 Lt,17.0,Leche Yomi Lala Fresa UHT 1 Litros 1 Pz,22.9,Leche Condensada La Lechera 387 Gr,23.5,Alimento Liquido Uht Coco 0 Azucar,35.9
,Margarina Untable Con Sal 425 Gr,20.5,Leche Yomi Lala Vainilla UHT 1 lt 1Pz,22.9,Media Crema Alpura 200 Ml,9.7,Alimento Liquido Uht Almendra,40.0
,Leche Light 1 Six 6 Lt,125.9,Leche UHT Lala 100 Deslac Vainilla 330,14.9,Crema Vegetal Chantilly Top Cream 1 Kg,70.0,Alimento Liquido Uht Soya Light,23.75
,Margarina Untable Con Sal 1.27 Kg,60.0,Leche UHT Lala 100 Cacao Deslac 330 Mili,14.9,Crema Fresca Lala 431 Ml,27.2,Alimento Liquido Uht Coco,35.5
